NH4+-Ninf ,NH4+-Neff,NO2--Neff,FA,FNA,O2,pH,HRT,Temperature,NLR,NRR,Candidatus Kuenenia
368.17,278.76,3.15,15.44,0.44,0.24,7.7,24,28.23,0.43,0.05,2.09
420.88,147,1.79,14.61,0.27,0.25,7.7,24,25.46,0.6,0.29,2.49
350.64,132.83,1.79,10.18,0.28,0.25,7.7,24,22.9,0.57,0.26,2.69
1194.5,16.69,29.63,56.41,3.93,2.5,7.7,24,30,1.41,0.39,0.51
45.1,0.87,0.01,0.84,0,0.5,7.55,10.5,21.5,0.54,0.08,0
106.67,23.45,24.14,4.51,3.59,0.65,7.65,12,30,0.21,0.1,0.08
99.95,18.2,0.01,4.22,0,0.35,7.65,12,30,0.2,0.1,1.47
100.31,6.6,0.01,4.24,0,0.2,7.65,15,30,0.16,0.13,2.38
200,15.29,16.98,4.29,6.29,0.3,7.2,6,35,0.8,0.64,1.32
200,4.2,0.01,4.29,0,1,7.2,6,35,0.8,0.55,0.09
350.24,5,5,97.87,0.11,1.23,8.45,48,34,0.18,0.16,0
52.22,10.32,0.01,1.56,0,1.25,7.65,24,24.95,0.05,0.04,0
78.78,8.43,0.01,2.46,0,0.2,7.65,24,25.57,0.08,0.07,0
64.01,1.83,0.01,1.03,0,0.1,7.65,24,16.31,0.06,0.06,0
1895.43,8.16,8.16,269.17,0.32,0.03,8.23,153.79,29.5,0.3,0.29,1.7
120,0.01,0.01,5.41,0,0.3,7.7,150,29.3,0.02,0.01,0
120,0.01,0.01,5.41,0,0.3,7.7,150,29.3,0.02,0.01,0
120,0.01,3.13,5.41,0.42,0.3,7.7,150,29.3,0.02,0.01,0
180,5.01,0.01,5.05,0,0.1,7.5,150,28.9,0.03,0.02,0
180,32.84,0.01,5.05,0,0.1,7.5,150,28.9,0.03,0.02,0
180,19.06,0.01,5.05,0,0.1,7.5,150,28.9,0.03,0.02,0
220,16.63,0.01,5.27,0,0.05,7.4,150,29.9,0.04,0.03,0
220,25.59,0.01,5.27,0,0.05,7.4,150,29.9,0.04,0.02,0
220,23.88,0.01,5.27,0,0.05,7.4,150,29.9,0.04,0.03,0
220,79.54,0.01,19.45,0,0.08,8,300,29.6,0.02,0.01,0
220,66.2,0.01,19.45,0,0.08,8,300,29.6,0.02,0.01,0
220,80.2,0.01,19.45,0,0.08,8,300,29.6,0.02,0.01,0
220,55,30,33.38,1.4,0.5,8.1,48,35,0.11,0.05,0
250,50,46,24.67,3.05,1.2,7.98,48,32,0.13,0.06,0
250,50,46,24.67,3.05,0.5,7.98,48,32,0.13,0.06,0
180,70,2.2,26.89,0.08,1.2,8.27,48,29,0.09,0.05,0
180,70,2.2,26.89,0.08,0.5,8.27,48,29,0.09,0.05,0
180,20,12,2.4,5.07,1.2,7.23,48,27,0.09,0.07,0
180,20,12,2.4,5.07,0.5,7.23,48,27,0.09,0.07,0
400,19.6,14.2,36.28,0.94,0.55,8,16,30,0.6,0.49,20.5
50,8.31,1.58,0.62,0.61,0.19,7.31,2,23.31,0.6,0.16,3.7
50,5.7,1.04,3.71,0.08,0.25,7.92,2,29.55,0.6,0.48,0
50,3.1,1.82,4.62,0.15,1,7.86,2,35.03,0.6,0.02,0.14
50,9.91,5.25,7.01,0.3,0.31,7.99,2,37.46,0.6,0.27,0.12
750,230,0.01,43.91,0,0.01,7.65,13.33,35,1.35,0.87,1.82
50,0.01,1.82,3.32,0.23,0.17,7.65,1.7,37,0.71,0.55,0
52.19,3.09,0.13,6.62,0.01,0.17,8.16,24,30,0.05,0.05,0.93
48.96,8.5,8.22,6.21,0.38,0.75,8.16,24,30,0.05,0.01,0.39
36.12,0.32,0.01,0.65,0,0.47,7.5,6.4,22.5,0.14,0.1,0
53.6,2.72,4.96,0.21,4.59,0.45,7,13.6,17.3,0.09,0.08,0
50,6.55,1.02,3.26,0.08,0.2,8,2,25,0.6,0.47,0
50,1.02,0.69,3.26,0.05,0.95,8,2,25,0.6,0.09,0
50,5.05,1.02,3.26,0.08,0.3,8,2,25,0.6,0.45,0
50,7.92,5.84,3.26,0.44,0.13,8,2,25,0.6,0.42,0
50,1.02,39.9,3.26,3.01,0.23,8,2,25,0.6,0.1,0
50,2.38,12.48,3.26,0.94,0.15,8,2,25,0.6,0.41,0
50,11.57,1.1,1.07,0.26,1.25,7.5,5,25,0.24,0.13,0
66,48.14,0.01,0.51,0,0.13,7.15,11.2,22,0.14,0.01,0
66,19.33,0.01,0.51,0,0.13,7.15,22,22,0.07,0.04,0
66,11.63,0.01,0.51,0,0.13,7.15,22,22,0.07,0.05,0
66,12.68,0.01,0.51,0,0.35,7.15,22,22,0.07,0.01,0
678,62.65,10.42,28.5,1.94,0.25,7.5,39.32,35,0.41,0.35,11
713.76,64.92,6.45,11.93,1.69,0.25,7.5,40.44,21.5,0.42,0.36,15.4
219.32,10.42,6.45,3.66,1.69,0.25,7.5,25.31,21.5,0.21,0.18,28
127.87,4.73,71.78,9.15,5.63,0.9,7.95,1.5,28,2.05,0.57,1.3
125.91,3.76,34.97,9.01,2.74,0.9,7.95,1.1,28,2.3,1.7,1.98
122.11,1.8,1.61,8.74,0.13,1.2,7.95,0.9,28,2.5,1.8,4.49
102.29,4.63,0.11,5.51,0.01,0.18,7.76,24,30,0.1,0.06,24.07
50,5.89,0.66,4.51,0.04,0.17,8.15,2,25,0.6,0.44,26.7
50,15.4,0.75,4.25,0.05,0.13,8,2,29,0.6,0.27,0
50,6.43,1.04,6.18,0.06,0.04,8,2,35,0.6,0.35,0
160.58,14.97,0.75,0.91,0.56,1.16,7.05,4.7,20.7,0.82,0.68,0
134.13,16.04,0.75,0.67,0.59,1.22,7.05,3.7,19,0.87,0.69,0
129.5,23.98,0.75,0.56,0.62,1.22,7.05,3.7,17.1,0.84,0.59,0
132.58,13.07,0.75,0.5,0.66,1.5,7.05,3.7,15.2,0.86,0.72,0
112.54,4.54,0.75,0.4,0.67,2.18,7.05,3.7,14.4,0.73,0.64,0
141.54,11.05,0.75,0.55,0.65,2.37,7.05,4.3,15.6,0.79,0.67,0
152.29,10.01,0.75,0.7,0.61,2.39,7.05,4.3,18,0.85,0.73,0
131.25,3.11,0.75,0.7,0.58,2.27,7.05,3.5,19.9,0.9,0.78,0
108.75,8.37,0.75,0.58,0.58,2.29,7.05,2.9,20,0.9,0.73,0
120.38,11.11,0.75,0.64,0.58,2.08,7.05,2.7,19.8,1.07,0.9,0
111.38,25.02,0.75,0.51,0.61,1.74,7.05,2.7,17.9,0.99,0.72,0
119.17,2.81,0.75,0.43,0.67,1.74,7.05,2.6,14.7,1.1,1.01,0
92.96,5.85,0.75,0.29,0.7,1.53,7.05,2.3,13,0.97,0.87,0
92.96,16.04,0.75,0.29,0.7,1.57,7.05,2.3,13,0.97,0.76,0
112.5,19.01,0.75,0.4,0.67,1.53,7.05,2.7,14.4,1,0.79,0
108.33,13.99,0.75,0.43,0.64,1.53,7.05,2.6,16.1,1,0.81,0
53.75,5.07,0.75,0.27,0.59,0.99,7.05,3,19.1,0.43,0.31,0
121.83,13.16,0.75,0.66,0.57,0.76,7.05,6.8,20.2,0.43,0.35,0
127.08,7.45,0.75,0.54,0.62,0.99,7.05,6.1,17,0.5,0.43,0
127.08,1.33,0.75,0.54,0.62,0.99,7.05,6.1,17,0.5,0.47,0
127.08,4.3,0.75,0.54,0.62,0.99,7.05,6.1,17,0.5,0.45,0
517.2,20.49,2.41,19.09,0.47,0.25,7.5,48,33,0.26,0.22,0
475.07,32.4,1.52,17.53,0.3,0.4,7.5,24,33,0.48,0.4,0
503.08,18.95,3.07,18.57,0.6,0.4,7.5,24,33,0.5,0.43,0
33.4,6.1,1.2,0.14,1.5,0.28,6.78,4,25,0.2,0.16,3.3
35.1,4.7,1.5,0.2,1.07,0.48,7.08,4,20,0.21,0.17,2.6
30.9,7.4,1.9,0.12,1.52,1.17,7.09,4,15,0.19,0.13,3.8
238.81,25.49,51.76,29.53,1.96,0.05,8.3,8,25,0.72,0.41,32.31
585.47,44.69,25.49,133.62,0.47,0.09,8.61,16,25,0.88,0.71,26.2
615.7,236.67,25.49,84.37,0.86,0.05,8.35,16,25,0.92,0.45,26.64
323.46,27.51,25.49,49.06,0.77,0.04,8.4,16,25,0.49,0.36,18.25
307.34,29.53,25.49,32.16,1.16,0.02,8.22,16,25,0.46,0.34,21.2
50,5.65,0.72,1.34,0.14,0.13,7.6,2,25,0.6,0.43,27.6
27.29,1.86,0.01,0.22,0,0.15,7.4,19.29,14.83,0.03,0.03,0
18.77,0.2,0.01,0.16,0,0.45,7.4,20.07,15.35,0.02,0.01,0
17.57,1.79,0.01,0.15,0,1.19,7.4,9.4,15.88,0.04,0.02,0
21.18,1.75,0.01,0.18,0,1.19,7.4,8.88,15.14,0.06,0.03,0
22.57,0.43,0.01,0.23,0,1.19,7.4,6.91,17.94,0.08,0.05,0
22.3,1.25,0.01,0.19,0,0.18,7.4,9.03,15.4,0.06,0.03,0
20.63,2.13,0.01,0.18,0,0.18,7.4,11.11,15.83,0.04,0.03,0
24.24,2.29,0.01,0.2,0,0.18,7.4,10.59,15.14,0.05,0.03,0
26.74,0.62,0.01,0.22,0,0.18,7.4,12.19,14.95,0.05,0.03,0
29.24,5.22,0.01,0.24,0,0.18,7.4,12.45,15.09,0.06,0.04,0
30.08,1.52,0.01,0.26,0,0.18,7.4,11.67,15.57,0.06,0.05,0
34.52,1.36,0.01,0.29,0,0.18,7.4,13.11,15.26,0.06,0.05,0
27.03,2.63,0.01,0.25,0,0.18,7.4,11.78,16.76,0.06,0.04,0
21.74,2.52,0.01,0.18,0,0.18,7.4,10.07,15.44,0.05,0.04,0
20.9,2.09,0.01,0.18,0,0.18,7.4,11.67,15.35,0.04,0.04,0
21,2.32,0.01,0.18,0,0.18,7.4,12.97,15.22,0.04,0.03,0
21.09,2.63,0.01,0.18,0,0.18,7.4,14.82,15.35,0.03,0.03,0
21.36,2.75,0.59,0.2,0.22,0.17,7.4,22.45,16.76,0.02,0.02,0
23.03,1.52,1.63,0.2,0.63,1.22,7.4,12.3,15.52,0.04,0.04,0
20.34,1.25,1.82,0.18,0.7,1.22,7.4,11.67,15.66,0.04,0.03,0
31.46,1.36,3.83,0.27,1.49,1.21,7.4,10.22,15.44,0.07,0.06,0
17.28,1.28,1.59,0.15,0.62,1.21,7.4,9.67,15.4,0.04,0.04,0
19.24,1.09,2.63,0.23,0.91,1.58,7.4,7.32,19.74,0.06,0.05,0
25.35,0.74,2.79,0.26,1.02,1.58,7.4,8.62,17.77,0.07,0.06,0
23.03,0.55,2.94,0.2,1.13,1.58,7.4,18.62,15.88,0.03,0.02,0
19.13,0.74,2.29,0.18,0.86,1.58,7.4,11.52,16.58,0.04,0.03,0
15.72,1.13,0.93,0.13,0.37,1.58,7.4,11.67,15,0.03,0.03,0
22.39,1.09,0.51,0.19,0.2,0.18,7.4,16.65,15.49,0.03,0.03,0
31.29,1.25,1.4,0.27,0.54,0.18,7.4,10.85,15.83,0.07,0.06,0
34.63,1.36,1.9,0.28,0.75,0.18,7.4,11,14.69,0.08,0.07,0
44.9,10.31,0.83,0.77,0.25,0.25,7.4,17.5,25,0.06,0.05,17.1
44.9,6.11,0.68,0.77,0.2,0.25,7.4,17.5,25,0.06,0.04,13.7
44.9,2.48,0.63,0.77,0.19,0.25,7.4,17.5,25,0.06,0.03,2.3
100,3.18,15.69,15.17,0.73,0.13,8.1,24,35,0.1,0.07,0
200,17.12,3.18,30.34,0.15,0.13,8.1,24,35,0.2,0.15,0
67.89,4.73,1.01,2.01,0.14,1,7.8,1.3,20,1.25,0.97,4.45
72.15,0.67,0.61,2.13,0.08,1.8,7.8,1.3,20,1.33,1.08,8.41
110.05,37.07,1.04,8.78,0.08,0.22,7.94,74.08,30,0.18,0.03,21.14
116.05,26.79,7.05,9.26,0.54,0.28,7.94,9.48,30,0.19,0.11,0.73
250,52.45,4.52,30.92,0.27,0.07,8,6,35,1,0.66,0
50,22.14,5.34,6.18,0.31,0.04,8,4,35,0.3,0.04,0
100,77.85,188.47,4.2,35.02,0.01,7.5,6,35,1.2,0.08,0
250,120.46,9.03,30.92,0.53,0.1,8,6,35,1,0.41,0
250,55.73,6.16,30.92,0.36,0.17,8,6,35,1,0.64,0
250,15.41,1.85,12.06,0.26,0.25,7.65,4,32,1.5,1.27,0
50,5.77,1.85,2.41,0.26,0.05,7.65,2,32,0.6,0.42,0
50,12.51,1.85,0.73,0.41,0.04,7.65,2,15,0.6,0.28,0
50,8.34,1.55,2.41,0.22,0.08,7.65,2,32,0.6,0.39,0
46.32,1.47,1.47,1.87,0.19,1,7.75,12,26,0.09,0.07,8.05
46.96,23.76,7.78,1.89,1.02,1,7.75,12,26,0.09,0.01,4.36
45.41,13.13,4.47,1.83,0.58,1,7.75,12,26,0.09,0.02,12.86
46.12,4.42,6.94,1.86,0.91,1,7.75,12,26,0.09,0.04,1.59
500,309.76,2.94,21.46,0.43,0.07,7.65,12,30.23,1,0.34,18.5
50.25,1.9,1.22,3.28,0.09,0.77,8,2,25,0.6,0.02,3.5
49.52,7.24,2.18,3.23,0.16,0.25,8,2,25,0.6,0.41,11
495,23.3,13,47.6,0.65,0.3,8.18,12,25,0.99,0.82,22.24
502,25.3,4.9,84.14,0.13,0.01,8.45,12,25,1,0.88,14.47
963,12.1,2.5,102.9,0.11,0.1,8.23,24,25,0.96,0.88,13.76
1495,30.4,7.3,132.02,0.4,0.02,8.14,36,25,1,0.91,20.07
2112,207,57.1,194.63,2.98,0.2,8.16,50.5,25,1,0.85,8.83
251.99,131.04,36.55,24.08,2.56,0.15,7.95,12,32.5,0.5,0.17,8.2
249.06,39.88,21.4,23.8,1.5,0.21,7.95,12,32.5,0.5,0.37,10.4
266.88,27.02,14.12,25.5,0.99,0.44,7.95,8,32.5,0.8,0.64,0.3
220.4,27.02,4.89,21.06,0.34,0.8,7.95,6,32.5,0.88,0.68,0
240.26,18.89,2.27,22.95,0.16,0.21,7.95,4,32.5,1.44,1.16,0
331.08,15.09,6.06,13.99,0.9,1.9,7.65,1.5,30,2.5,2.3,35.4
71.5,17.91,5.27,1.24,1.36,1.36,7.5,18,22,0.1,0.06,0
67.42,1.23,0.54,1.17,0.14,0.99,7.5,17,22,0.1,0.09,0
50.75,32.16,0.01,2.14,0,1,7.65,12,30,0.1,0.01,0
58.15,3.7,0.01,2.46,0,1,7.65,12,30,0.12,0.1,0
250,16.28,3.59,13.11,0.34,0.29,7.9,6,25,1,0.81,0
250,10.72,3.15,13.11,0.3,0.37,7.9,6,25,1,0.93,0
250,101.98,3.15,13.11,0.3,0.51,7.9,6,25,1,0.57,0
147.49,41.36,27.16,13.38,1.81,0.03,8,8,30,0.44,0.08,0.13
249.64,115.85,54.31,22.64,3.61,0.04,8,8,30,0.75,0.14,0.07
248.53,101.88,40.36,22.54,2.68,0.06,8,8,30,0.75,0.25,0.08
251.98,111.96,2.7,22.86,0.18,0.09,8,6,30,1.01,0.42,0.71
270.28,65.29,2.7,24.52,0.18,0.06,8,6,30,1.08,0.69,1.09
347.71,76.69,0.58,31.54,0.04,0.08,8,6,30,1.39,0.97,4.72
60.2,0.01,0.01,0.69,0,0.7,7.2,15.85,25.8,0.09,0.09,0
59.6,0.01,0.01,0.44,0,0.7,7.2,18.79,19.7,0.08,0.07,0
49.57,0.01,0.01,0.23,0,0.7,7.2,20.66,13.7,0.06,0.05,0
354.56,43.44,8.17,19.97,0.94,0.1,7.75,24,31,0.35,0.28,0
393.36,8.17,7.11,22.15,0.82,0.1,7.75,20,31,0.47,0.37,0
418.11,12.71,9.18,23.55,1.06,0.1,7.75,12,31,0.84,0.71,0
46.9,3.63,0.49,0.51,0.23,0.8,7.2,12,25,0.09,0.08,0.03
52.22,12.5,0.1,0.57,0.05,0.8,7.2,12,25,0.1,0.07,0.03
42.11,27.75,0.7,0.65,0.29,0.8,7.2,16,30,0.06,0.02,0.03
51.87,17.04,0.1,0.8,0.04,0.8,7.2,16,30,0.08,0.05,0.03
55.74,24.16,7.62,0.86,3.2,1.5,7.2,16,30,0.08,0.03,0.03
50.05,22.47,5.25,0.77,2.2,1.5,7.2,16,30,0.08,0.03,1.86
43.27,2.67,0.37,0.47,0.18,0.8,7.2,12,25,0.09,0.08,0.03
70.7,56.53,0.98,2.97,0.12,0.8,7.8,0.5,25,2.5,0.53,20
51.56,21.43,1.31,2.18,0.19,0.55,7.65,5.7,30,0.22,0.06,0
66.03,0.01,0.72,2.79,0.11,2.5,7.65,6.42,30,0.25,0.04,0
312.5,17.42,6.57,34.1,0.29,0.05,8.24,6,25,1.25,1.03,24.3
500,134.39,6.57,37.99,0.42,0.05,8.07,6,25,2,1.27,26.03
793.57,51.53,11.03,135.92,0.3,0.09,8.43,15,26,1.27,1.03,29.61
918.9,157.46,14.15,90.43,0.72,0.08,8.16,15,26,1.47,1.15,22.73
1072.84,18.04,7.92,245.28,0.15,0.27,8.58,15,26,1.72,1.49,17.07
912.09,408.25,18.04,108.4,0.75,0.02,8.25,15,26,1.46,0.75,15.19
864.41,140.32,18.04,123.6,0.61,0.02,8.34,15,26,1.38,1.01,13.98
50,2.98,3.89,1.28,0.77,0.25,7.58,3,25,0.4,0.26,5.44
50,0.71,1.54,1.28,0.31,0.5,7.58,3,25,0.4,0.35,13.22
