NH4inf,FA,FNA,Day,O2,pH,HRT,Temperature,Candidatus Kuenenia,Candidatus Brocadia,AnAOB,AOB,NOB,NLR,NRR
368.17,15.44,0.44,51,0.24,7.7,24,28.23,2.09,0,2.09,13.59,2.1,0.43,0.05
420.88,14.61,0.27,77,0.25,7.7,24,25.46,2.49,0,2.49,18.46,1.18,0.6,0.29
350.64,10.18,0.28,111,0.25,7.7,24,22.9,2.69,0,2.69,19.77,0.87,0.57,0.26
45.1,0.84,0,191,0.5,7.55,10.5,21.5,0,0.7,0.7,0.35,0.1,0.54,0.08
106.67,4.51,3.59,1,0.65,7.65,12,30,0.08,0.11,0.19,2.59,0.89,0.21,0.1
99.95,4.22,0,69,0.35,7.65,12,30,1.47,0.07,1.54,2.31,0.64,0.2,0.1
100.31,4.24,0,119,0.2,7.65,15,30,2.38,0.05,2.43,2.45,0.29,0.16,0.13
200,4.29,6.29,30,0.3,7.2,6,35,1.32,1.63,2.95,17.21,1.44,0.8,0.64
200,4.29,0,60,1,7.2,6,35,0.09,0.83,0.92,13.93,3.01,0.8,0.55
350.24,97.87,0.11,120,1.23,8.45,48,34,0,26.89,26.89,14.52,33.54,0.18,0.16
52.22,1.56,0,17,1.25,7.65,24,24.95,0,0.26,0.26,0.38,1.13,0.05,0.04
78.78,2.46,0,140,0.2,7.65,24,25.57,0,0.97,0.97,0.55,1.31,0.08,0.07
64.01,1.03,0,201,0.1,7.65,24,16.31,0,1.79,1.79,0.74,1.66,0.06,0.06
1895.43,269.17,0.32,404,0.03,8.23,153.79,29.5,1.7,1.5,3.2,0.2,0.32,0.3,0.29
120,5.41,0,238,0.3,7.7,150,29.3,0,0,32,14,16,0.02,0.01
120,5.41,0,275,0.3,7.7,150,29.3,0,0,4,6,50,0.02,0.01
120,5.41,0.42,313,0.3,7.7,150,29.3,0,0,10,1,57,0.02,0.01
180,5.05,0,324,0.1,7.5,150,28.9,0,0,2,1,50,0.03,0.02
180,5.05,0,352,0.1,7.5,150,28.9,0,10,31,18,37.5,0.03,0.02
180,5.05,0,373,0.1,7.5,150,28.9,0,11,30,13,34,0.03,0.02
220,5.27,0,391,0.05,7.4,150,29.9,0,19,30,22,30,0.04,0.03
220,5.27,0,412,0.05,7.4,150,29.9,0,12,22,17,33.3,0.04,0.02
220,5.27,0,445,0.05,7.4,150,29.9,0,22,22,29,21.1,0.04,0.03
220,19.45,0,516,0.08,8,300,29.6,0,17,30,17,0,0.02,0.01
220,19.45,0,551,0.08,8,300,29.6,0,33,41,4,5.3,0.02,0.01
220,19.45,0,600,0.08,8,300,29.6,0,13,13,3,0,0.02,0.01
220,33.38,1.4,157,0.5,8.1,48,35,0,0.67,0.67,20.09,4.83,0.11,0.05
250,24.67,3.05,226,1.2,7.98,48,32,0,0.19,0.19,18.27,0.21,0.13,0.06
250,24.67,3.05,226,0.5,7.98,48,32,0,1.71,1.71,9.09,0.32,0.13,0.06
180,26.89,0.08,275,1.2,8.27,48,29,0,6.77,6.77,16.12,0,0.09,0.05
180,26.89,0.08,275,0.5,8.27,48,29,0,19.29,19.29,5.97,0,0.09,0.05
180,2.4,5.07,307,1.2,7.23,48,27,0,2.6,2.6,20.5,0.04,0.09,0.07
180,2.4,5.07,307,0.5,7.23,48,27,0,14.31,14.31,5.45,0.32,0.09,0.07
400,36.28,0.94,234,0.55,8,16,30,20.5,0,20.5,6.5,0,0.6,0.49
50,0.62,0.61,90,0.19,7.31,2,23.31,3.7,0.03,3.73,0.01,0,0.6,0.16
50,3.71,0.08,300,0.25,7.92,2,29.55,0,35,35,0.01,0,0.6,0.48
50,4.62,0.15,510,1,7.86,2,35.03,0.14,5.81,5.95,5.9,20.1,0.6,0.02
50,7.01,0.3,630,0.31,7.99,2,37.46,0.12,16.3,16.42,3,0,0.6,0.27
750,43.91,0,53,0.01,7.65,13.33,35,1.82,0,1.82,3.07,0.29,1.35,0.87
50,3.32,0.23,34,0.17,7.65,1.7,37,0,14.8,14.8,7.3,0.9,0.71,0.55
52.19,6.62,0.01,95,0.17,8.16,24,30,0.93,0.65,1.58,0.4,0.95,0.05,0.05
48.96,6.21,0.38,45,0.75,8.16,24,30,0.39,0,0.39,0.38,0.27,0.05,0.01
36.12,0.65,0,50,0.47,7.5,6.4,22.5,0,0.71,0.71,0.01,0.63,0.14,0.1
53.6,0.21,4.59,195,0.45,7,13.6,17.3,0,2.53,2.53,0.29,0.12,0.09,0.08
50,3.26,0.08,50,0.2,8,2,25,0,15.2,15.2,2.7,2,0.6,0.47
50,3.26,0.05,65,0.95,8,2,25,0,11,11,16.1,19.8,0.6,0.09
50,3.26,0.08,155,0.3,8,2,25,0,22.4,22.4,11.7,6.3,0.6,0.45
50,3.26,0.44,70,0.13,8,2,25,0,14.1,14.1,1.5,3.2,0.6,0.42
50,3.26,3.01,85,0.23,8,2,25,0,13.2,13.2,4,18.6,0.6,0.1
50,3.26,0.94,155,0.15,8,2,25,0,27.8,27.8,5,10.5,0.6,0.41
50,1.07,0.26,380,1.25,7.5,5,25,0,31.49,31.49,2.34,0.69,0.24,0.13
66,0.51,0,26,0.13,7.15,11.2,22,0,2.78,2.78,1.93,0.45,0.14,0
66,0.51,0,240,0.13,7.15,22,22,0,2.9,2.9,0.26,0.29,0.07,0.04
66,0.51,0,324,0.13,7.15,22,22,0,13.75,13.75,0.39,0.25,0.07,0.05
66,0.51,0,432,0.35,7.15,22,22,0,9.87,9.87,1.03,1.47,0.07,0.02
678,28.5,1.94,219,0.25,7.5,39.32,35,11,0,11,5,0.16,0.41,0.35
713.76,11.93,1.69,314,0.25,7.5,40.44,21.5,15.4,0,15.4,2.6,0.16,0.42,0.36
219.32,3.66,1.69,382,0.25,7.5,25.31,21.5,28,0,28,1.5,0.16,0.21,0.18
102.29,5.51,0.01,94,0.18,7.76,24,30,24.07,5.91,29.98,14.98,6.92,0.1,0.06
50,4.51,0.04,200,0.17,8.15,2,25,26.7,3,29.7,6.3,1.9,0.6,0.44
496,10.92,1.64,55,0.93,7.9,79.2,13,0,56,56,0.36,0.26,0.15,0.02
170,2.99,0.36,133,0.64,7.8,76.8,13,0,56,56,0.3,0.24,0.05,0.01
129,1.14,0.92,189,0.82,7.5,55.2,13,0,50,50,0.26,0.14,0.06,0.02
86,0.3,1.33,258,0.49,7.1,38.4,13,0,57,57,0.17,0.15,0.05,0.02
160.58,0.91,0.56,155,1.16,7.05,4.7,20.7,0,10.59,10.59,1.31,0.06,0.82,0.68
134.13,0.67,0.59,192,1.22,7.05,3.7,19,0,14.71,14.71,1.4,0.08,0.87,0.69
129.5,0.56,0.62,224,1.22,7.05,3.7,17.1,0,12.23,12.23,0.93,0.41,0.84,0.59
132.58,0.5,0.66,247,1.5,7.05,3.7,15.2,0,16.22,16.22,1.53,0.21,0.86,0.72
112.54,0.4,0.67,297,2.18,7.05,3.7,14.4,0,20.57,20.57,2.2,0.1,0.73,0.64
141.54,0.55,0.65,332,2.37,7.05,4.3,15.6,0,15.25,15.25,2.43,0.31,0.79,0.67
152.29,0.7,0.61,375,2.39,7.05,4.3,18,0,15.99,15.99,2.61,0.06,0.85,0.73
131.25,0.7,0.58,424,2.27,7.05,3.5,19.9,0,20.18,20.18,2.18,0.29,0.9,0.78
108.75,0.58,0.58,487,2.29,7.05,2.9,20,0,24.1,24.1,2.18,0.11,0.9,0.73
120.38,0.64,0.58,537,2.08,7.05,2.7,19.8,0,20.11,20.11,2.64,0.24,1.07,0.9
111.38,0.51,0.61,589,1.74,7.05,2.7,17.9,0,16.22,16.22,1.45,0.25,0.99,0.72
119.17,0.43,0.67,616,1.74,7.05,2.6,14.7,0,20.87,20.87,2.52,0.49,1.1,1.01
92.96,0.29,0.7,639,1.53,7.05,2.3,13,0,17.78,17.78,3.07,0.71,0.97,0.87
92.96,0.29,0.7,679,1.57,7.05,2.3,13,0,20.18,20.18,1.79,0.73,0.97,0.76
112.5,0.4,0.67,723,1.53,7.05,2.7,14.4,0,20.87,20.87,1.23,0.44,1,0.79
108.33,0.43,0.64,759,1.53,7.05,2.6,16.1,0,23.05,23.05,1.41,0.83,1,0.81
53.75,0.27,0.59,828,0.99,7.05,3,19.1,0,19.83,19.83,0.92,0.11,0.43,0.31
121.83,0.66,0.57,869,0.76,7.05,6.8,20.2,0,29.72,29.72,0.55,0.04,0.43,0.35
127.08,0.54,0.62,922,0.99,7.05,6.1,17,0,19.06,19.06,0.82,0.05,0.5,0.43
127.08,0.54,0.62,983,0.99,7.05,6.1,17,0,28.14,28.14,0.72,0.44,0.5,0.47
127.08,0.54,0.62,998,0.99,7.05,6.1,17,0,31.05,31.05,0.41,0.19,0.5,0.45
517.2,19.09,0.47,64,0.25,7.5,48,33,0,1.98,26.95,6.73,0,0.26,0.22
475.07,17.53,0.3,118,0.4,7.5,24,33,0,1.08,17.97,23.3,0,0.48,0.4
503.08,18.57,0.6,168,0.4,7.5,24,33,0,3.34,14.07,20.14,0,0.5,0.43
33.4,0.14,1.5,57,0.28,6.78,4,25,3.3,6.5,9.8,5.6,0.1,0.2,0.16
35.1,0.2,1.07,108,0.48,7.08,4,20,2.6,4.2,6.8,1,0.1,0.21,0.17
30.9,0.12,1.52,151,1.17,7.09,4,15,3.8,7.6,11.4,1,0.2,0.19,0.13
238.81,29.53,1.96,145,0.05,8.3,8,25,32.31,0.02,32.33,0.55,0,0.72,0.41
585.47,133.62,0.47,196,0.09,8.61,16,25,26.2,0,26.2,1.84,0,0.88,0.71
615.7,84.37,0.86,231,0.05,8.35,16,25,26.64,0.01,26.65,3.19,0,0.92,0.45
323.46,49.06,0.77,300,0.04,8.4,16,25,18.25,0,18.25,5.65,0,0.49,0.36
307.34,32.16,1.16,350,0.02,8.22,16,25,21.2,0,21.2,1.72,0,0.46,0.34
50,1.34,0.14,100,0.13,7.6,2,25,27.6,2.3,29.9,10.5,8.2,0.6,0.43
27.29,0.22,0,33,0.15,7.4,19.29,14.83,0,1.12,1.12,0.5,0.17,0.03,0.03
18.77,0.16,0,49,0.45,7.4,20.07,15.35,0,8.65,8.65,0.42,0.31,0.02,0.01
17.57,0.15,0,65,1.19,7.4,9.4,15.88,0,7.81,7.81,0.35,0.55,0.04,0.02
21.18,0.18,0,79,1.19,7.4,8.88,15.14,0,5.62,5.62,0.43,0.55,0.06,0.03
22.57,0.23,0,97,1.19,7.4,6.91,17.94,0,8.71,8.71,0.57,0.39,0.08,0.05
22.3,0.19,0,117,0.18,7.4,9.03,15.4,0,10.34,10.34,1.13,0.4,0.06,0.03
20.63,0.18,0,131,0.18,7.4,11.11,15.83,0,8.65,8.65,0.46,0.81,0.04,0.03
24.24,0.2,0,148,0.18,7.4,10.59,15.14,0,9.6,9.6,0.48,0.57,0.05,0.03
26.74,0.22,0,168,0.18,7.4,12.19,14.95,0,10.74,10.74,0.38,0.46,0.05,0.03
29.24,0.24,0,197,0.18,7.4,12.45,15.09,0,12.42,12.42,0.27,0.47,0.06,0.04
30.08,0.26,0,219,0.18,7.4,11.67,15.57,0,14.78,14.78,0.18,0.76,0.06,0.05
34.52,0.29,0,247,0.18,7.4,13.11,15.26,0,15.23,15.23,0.43,0.74,0.06,0.05
27.03,0.25,0,261,0.18,7.4,11.78,16.76,0,12.76,12.76,0.42,0.59,0.06,0.04
21.74,0.18,0,274,0.18,7.4,10.07,15.44,0,8.93,8.93,0.47,0.56,0.05,0.04
20.9,0.18,0,303,0.18,7.4,11.67,15.35,0,12.08,12.08,0.35,0.87,0.04,0.04
21,0.18,0,317,0.18,7.4,12.97,15.22,0,15.11,15.11,0.23,0.78,0.04,0.03
21.09,0.18,0,342,0.18,7.4,14.82,15.35,0,13.55,13.55,0.28,0.71,0.03,0.03
21.36,0.2,0.22,352,0.17,7.4,22.45,16.76,0,9.49,9.49,0.33,0.59,0.02,0.02
23.03,0.2,0.63,391,1.22,7.4,12.3,15.52,0,8.48,8.48,0.8,0.6,0.04,0.04
20.34,0.18,0.7,401,1.22,7.4,11.67,15.66,0,7.98,7.98,2.03,1.35,0.04,0.03
31.46,0.27,1.49,418,1.21,7.4,10.22,15.44,0,3.26,3.26,1.77,0.54,0.07,0.06
17.28,0.15,0.62,434,1.21,7.4,9.67,15.4,0,10.46,10.46,0.98,0.8,0.04,0.04
19.24,0.23,0.91,461,1.58,7.4,7.32,19.74,0,11.91,11.91,1.41,1.79,0.06,0.05
25.35,0.26,1.02,475,1.58,7.4,8.62,17.77,0,20.23,20.23,1.35,1.45,0.07,0.06
23.03,0.2,1.13,490,1.58,7.4,18.62,15.88,0,15.11,15.11,1.46,1.44,0.03,0.02
19.13,0.18,0.86,496,1.58,7.4,11.52,16.58,0,15.4,15.4,1.42,1.3,0.04,0.03
15.72,0.13,0.37,501,1.58,7.4,11.67,15,0,19.17,19.17,1.21,1.47,0.03,0.03
22.39,0.19,0.2,516,0.18,7.4,16.65,15.49,0,5,5,1.79,2.09,0.03,0.03
31.29,0.27,0.54,549,0.18,7.4,10.85,15.83,0,7.65,7.65,1.32,1.29,0.07,0.06
34.63,0.28,0.75,565,0.18,7.4,11,14.69,0,10.4,10.4,0.94,0.86,0.08,0.07
44.9,0.77,0.25,35,0.25,7.4,17.5,25,17.1,0,17.1,0.2,0.25,0.06,0.05
44.9,0.77,0.2,70,0.25,7.4,17.5,25,13.7,0,13.7,0.5,0.4,0.06,0.04
44.9,0.77,0.19,95,0.25,7.4,17.5,25,2.3,0,2.3,0.6,0.18,0.06,0.03
100,15.17,0.73,62,0.13,8.1,24,35,0,0.15,12.47,1.8,0.04,0.1,0.07
200,30.34,0.15,106,0.13,8.1,24,35,0,1.59,12.65,2.76,1.24,0.2,0.15
67.89,2.01,0.14,264,1,7.8,1.3,20,4.45,0,4.45,44.87,3.55,1.25,0.97
72.15,2.13,0.08,320,1.8,7.8,1.3,20,8.41,0,8.41,30.6,1.61,1.33,1.08
110.05,8.78,0.08,69,0.22,7.94,74.08,30,21.14,0,21.14,0.1,0.9,0.18,0.03
116.05,9.26,0.54,195,0.28,7.94,9.48,30,0.73,2.22,2.95,0.5,3.4,0.19,0.11
250,30.92,0.27,14,0.07,8,6,35,0,17.24,17.24,2.1,0.6,1,0.66
50,6.18,0.31,46,0.04,8,4,35,0,4.92,4.92,6.94,8.74,0.3,0.04
100,4.2,35.02,61,0,7.5,6,35,0,3.61,3.61,7.1,3.23,1.2,0.08
250,30.92,0.53,90,0.1,8,6,35,0,3.92,3.92,19,0.99,1,0.41
250,30.92,0.36,114,0.17,8,6,35,0,8.86,8.86,4.87,0.05,1,0.64
250,12.06,0.26,25,0.25,7.65,4,32,0,17.2,17.2,2,0.6,1.5,1.27
50,2.41,0.26,110,0.05,7.65,2,32,0,15.3,15.3,2.7,2,0.6,0.42
50,0.73,0.41,190,0.04,7.65,2,15,0,14.1,14.1,1.5,3.2,0.6,0.28
50,2.41,0.22,250,0.08,7.65,2,32,0,18.5,18.5,4.7,4.2,0.6,0.39
46.32,1.87,0.19,45,1,7.75,12,26,8.05,5.87,13.91,2.18,2.25,0.09,0.07
46.96,1.89,1.02,45,1,7.75,12,26,4.36,5.38,9.74,0.48,0.59,0.09,0.01
45.41,1.83,0.58,45,1,7.75,12,26,12.86,0.19,13.05,27,26.96,0.09,0.02
46.12,1.86,0.91,45,1,7.75,12,26,1.59,0.05,1.64,4.18,4.34,0.09,0.04
500,21.46,0.43,27,0.07,7.65,12,30.23,18.5,0,18.5,13.8,0,1,0.34
50.25,3.28,0.09,35,0.77,8,2,25,3.5,0,3.5,2.5,3.2,0.6,0.02
49.52,3.23,0.16,120,0.25,8,2,25,11,0,11,5.9,3.8,0.6,0.42
495,47.6,0.65,25,0.3,8.18,12,25,22.24,0,22.24,14.99,0.02,0.99,0.82
502,84.14,0.13,81,0.01,8.45,12,25,14.47,0,14.47,3.26,0.02,1,0.88
963,102.9,0.11,102,0.1,8.23,24,25,13.76,0,13.76,1.9,0.22,0.96,0.88
1495,132.02,0.4,147,0.02,8.14,36,25,20.07,0,20.07,3.4,0.02,1,0.91
2000,194.63,2.98,171,0.2,8.16,50.5,25,8.83,0,8.83,11.57,0.11,1,0.85
251.99,24.08,2.56,5,0.15,7.95,12,32.5,8.2,0,8.2,8.5,0,0.5,0.17
249.06,23.8,1.5,60,0.21,7.95,12,32.5,10.4,0,10.4,5.4,0,0.5,0.37
266.88,25.5,0.99,175,0.44,7.95,8,32.5,0.3,2.9,3.2,10.2,0,0.8,0.64
220.4,21.06,0.34,235,0.8,7.95,6,32.5,0,7.4,7.4,5.2,0,0.9,0.68
240.26,22.95,0.16,350,0.21,7.95,4,32.5,0,2.3,2.3,0,0,1.4,1.16
71.5,1.24,1.36,83,1.36,7.5,18,22,0,0.52,0.52,0.07,0.05,0.1,0.06
67.42,1.17,0.14,179,0.99,7.5,17,22,0,0.9,0.9,0.27,0.69,0.1,0.09
50.75,2.14,0,31,1,7.65,12,30,0,0.1,0.1,0.98,1.67,0.1,0
58.15,2.46,0,213,1,7.65,12,30,0,0.79,0.79,0.77,1.2,0.12,0.1
250,13.11,0.34,35,0.29,7.9,6,25,0,7.4,7.4,5.2,0.5,1,0.81
250,13.11,0.3,150,0.37,7.9,6,25,0,4.7,4.7,7.5,1.5,1,0.93
250,13.11,0.3,250,0.51,7.9,6,25,0,0.8,0.8,0.5,4.5,1,0.57
147.49,13.38,1.81,30,0.03,8,8,30,0.13,0.01,0.14,2.98,1.51,0.44,0.08
249.64,22.64,3.61,45,0.04,8,8,30,0.07,0.01,0.08,10.11,1.36,0.75,0.14
248.53,22.54,2.68,60,0.06,8,8,30,0.08,0.01,0.09,14.79,1.92,0.75,0.25
251.98,22.86,0.18,100,0.09,8,6,30,0.71,0.7,1.41,28.92,1.26,1.01,0.42
270.28,24.52,0.18,150,0.06,8,6,30,1.09,0.2,1.29,20.76,1.33,1.08,0.69
347.71,31.54,0.04,200,0.08,8,6,30,4.72,0.3,5.02,23.01,0.13,1.39,0.97
60.2,0.69,0,33,0.7,7.2,15.85,25.8,0,0.54,0.54,1.39,1.72,0.09,0.09
59.6,0.44,0,71,0.7,7.2,18.79,19.7,0,0.37,0.37,1.68,1.72,0.08,0.07
49.57,0.23,0,129,0.7,7.2,20.66,13.7,0,0.29,0.29,1.38,2.01,0.06,0.05
354.56,19.97,0.94,50,0.1,7.75,24,31,0,2.2,2.2,33.11,0.71,0.35,0.28
393.36,22.15,0.82,125,0.1,7.75,20,31,0,22.7,22.7,23.71,1,0.47,0.37
418.11,23.55,1.06,125,0.1,7.75,12,31,0,34.4,34.4,1,0.8,0.84,0.71
46.9,0.51,0.23,27,0.8,7.2,12,25,0.03,0.93,0.96,7.7,2.17,0.09,0.08
52.22,0.57,0.05,46,0.8,7.2,12,25,0.03,9.02,9.05,6.53,11.82,0.1,0.07
42.11,0.65,0.29,126,0.8,7.2,16,30,0.03,1.24,1.27,3.11,3.11,0.06,0.02
51.87,0.8,0.04,188,0.8,7.2,16,30,0.03,13.38,13.41,9.65,14.62,0.08,0.05
55.74,0.86,3.2,264,1.5,7.2,16,30,0.03,0.62,0.65,8.71,2.83,0.08,0.04
50.05,0.77,2.2,290,1.5,7.2,16,30,1.86,6.53,8.39,20.23,1.58,0.08,0.03
43.27,0.47,0.18,423,0.8,7.2,12,25,0.03,8.4,8.43,12.44,3.42,0.09,0.08
51.56,2.18,0.19,75,0.55,7.65,5.7,30,0,0.77,0.77,0.33,4.22,0.22,0.06
66.03,2.79,0.11,92,2.5,7.65,6.42,30,0,0.25,0.25,1.49,16.54,0.25,0.04
312.5,34.1,0.29,154,0.05,8.24,6,25,24.3,0,24.3,17.82,0,1.25,1.03
500,37.99,0.42,224,0.05,8.07,6,25,26.03,0,26.03,15.24,0,2,1.27
793.57,135.92,0.3,21,0.09,8.43,15,26,29.61,0.13,29.74,17.84,1.1,1.27,1.03
918.9,90.43,0.72,51,0.08,8.16,15,26,22.73,0.11,22.84,15.53,0.34,1.47,1.15
1072.84,245.28,0.15,66,0.27,8.58,15,26,17.07,0.12,17.19,14.42,0.1,1.72,1.49
912.09,108.4,0.75,85,0.02,8.25,15,26,15.19,0.07,15.26,15.05,0.04,1.46,0.75
864.41,123.6,0.61,93,0.02,8.34,15,26,13.98,0.02,14,19.65,0.01,1.38,1.01
50,1.28,0.77,175,0.25,7.58,3,25,5.44,0,5.44,0.59,0.67,0.4,0.26
50,1.28,0.31,348,0.5,7.58,3,25,13.22,0,13.22,1.2,0.94,0.4,0.35
